Model Name,Language,EuroParl Test Set (en),Fisher Test Set (en),Librispeech Dev-Clean,Librispeech Dev-Other,Librispeech Test-Clean,Librispeech Test-Other,MCV Test-Set v11.0 (en),MCV Test-Set v8.0 (en),MLS Dev (en),MLS Test (en),NSC Part1,NSC Part6,Peoples Speech Test v1,SLR 83 Test,SPGI Test,VoxPopuli Test (en),WSJ Dev 93,WSJ Eval 92
stt_en_citrinet_256,en,,,4.2 % WER,10.7 % WER,4.4 % WER,10.7 % WER,,,,,,,,,,,,
stt_en_citrinet_512,en,,,3.7 % WER,8.9 % WER,3.7 % WER,8.9 % WER,,,,,,,,,,,,
stt_en_citrinet_1024,en,,,3.7 % WER,8.3 % WER,3.6 % WER,7.9 % WER,,,,,,,,,,,,
stt_en_citrinet_256_gamma_0_25,en,,,4.7 %,10.6 %,4.8 %,10.7 %,,,,,8.3 %,,,,,,5.8 %,3.6 %
stt_en_citrinet_512_gamma_0_25,en,,,4.0 %,9.0 %,3.9 %,9.0 %,,,,,6.9 %,,,,,,4.4 %,3.6 %
stt_en_citrinet_1024_gamma_0_25,en,,,3.4 %,7.7 %,3.4 %,7.6 %,,,,,6.2 %,,,,,,4.0 %,2.5 %
