Model Name,Language,EuroParl Test Set (en),Fisher Test Set (en),Librispeech Dev-Clean,Librispeech Dev-Other,Librispeech Test-Clean,Librispeech Test-Other,MCV Test-Set v11.0 (en),MCV Test-Set v8.0 (en),MLS Dev (en),MLS Test (en),NSC Part1,NSC Part6,Peoples Speech Test v1,SLR 83 Test,SPGI Test,VoxPopuli Test (en),WSJ Dev 93,WSJ Eval 92
stt_en_contextnet_256,en,,,3.3 %,7.9 %,3.3 %,8.0 %,,,9.7 %,11.0 %,7.1 %,,,,,,4.6 %,3.2 %
stt_en_contextnet_512,en,,,2.0 %,4.8 %,2.2 %,5.0 %,,,6.6 %,7.3 %,5.9 %,,,,,,2.8 %,1.4 %
stt_en_contextnet_1024,en,,,1.7 %,3.8 %,1.9 %,4.0 %,,7.9 %,,5.9 %,5.2 %,6.5 %,21.7 %,4.7 %,,,2.3 %,1.3 %
stt_en_contextnet_256_mls,en,,,,9.0 %,,9.2 %,,,9.4 %,10.9 %,,,,,,,,
stt_en_contextnet_512_mls,en,,,,5.2 %,,5.2 %,,,5.6 %,6.6 %,,,,,,,,
stt_en_contextnet_1024_mls,en,,,,4.1 %,,4.2 %,,,4.6 %,5.6 %,,,,,,,,
