Model,Model Base Class,Model Card
stt_es_quartznet15x5,EncDecCTCModel,"https://ngc.nvidia.com/catalog/models/nvidia:nemo:stt_es_quartznet15x5"
stt_es_citrinet_512,EncDecCTCModelBPE,"https://ngc.nvidia.com/catalog/models/nvidia:nemo:stt_es_citrinet_512"
stt_es_citrinet_1024_gamma_0_25,EncDecCTCModelBPE,"https://ngc.nvidia.com/catalog/models/nvidia:nemo:stt_es_citrinet_1024_gamma_0_25"
stt_es_conformer_ctc_large,EncDecCTCModelBPE,"https://ngc.nvidia.com/catalog/models/nvidia:nemo:stt_es_conformer_ctc_large"
stt_es_conformer_transducer_large,EncDecRNNTBPEModel,"https://ngc.nvidia.com/catalog/models/nvidia:nemo:stt_es_conformer_transducer_large"
stt_es_contextnet_1024,EncDecRNNTBPEModel,"https://ngc.nvidia.com/catalog/models/nvidia:nemo:stt_es_contextnet_1024"
stt_es_fastconformer_hybrid_large_pc,EncDecHybridRNNTCTCBPEModel,"https://ngc.nvidia.com/catalog/models/nvidia:nemo:stt_es_fastconformer_hybrid_large_pc"