Model Name,Model Base Class,Model Card
vad_multilingual_marblenet,EncDecClassificationModel,"https://catalog.ngc.nvidia.com/orgs/nvidia/teams/nemo/models/vad_multilingual_marblenet"
vad_marblenet,EncDecClassificationModel,"https://ngc.nvidia.com/catalog/models/nvidia:nemo:vad_marblenet"
vad_telephony_marblenet,EncDecClassificationModel,"https://ngc.nvidia.com/catalog/models/nvidia:nemo:vad_telephony_marblenet"
titanet_large,EncDecSpeakerLabelModel,"https://ngc.nvidia.com/catalog/models/nvidia:nemo:titanet_large"
ecapa_tdnn,EncDecSpeakerLabelModel,"https://ngc.nvidia.com/catalog/models/nvidia:nemo:ecapa_tdnn"
diar_msdd_telephonic,EncDecDiarLabelModel,"https://ngc.nvidia.com/catalog/models/nvidia:diar_msdd_telephonic"
